Input 0,Input 1,Input 2,Input 3,Actual Output, Raw Prediction, Binary Prediction0,0,1,0,0.0010792742931337493,0
0,1,0,1,0.9955575030387978,1
0,1,0,1,0.9955575030387978,1
0,1,1,0,0.006545105260688716,0
