Input 0,Input 1,Input 2,Actual Output, Binary Prediction, Raw Prediction
0,0,1,0,0,0.0010792742931337493
0,1,0,1,1,0.9955575030387978
0,1,0,1,1,0.9955575030387978
0,1,1,0,0,0.006545105260688716
