Input 0,Input 1,Input 2,Actual Output, Binary Prediction, Raw Prediction
0,0,1,0,0,-0.9999770610403597
0,1,0,1,0,-0.9999865322009162
0,1,0,1,0,-0.9999865322009162
0,1,1,0,0,-0.9999825056199999
