Input 0,Input 1,Input 2,Actual Output, Binary Prediction, Raw Prediction
0,0,1,0,0,0.00034650392211414796
0,1,0,1,1,0.9966595676085532
0,1,0,1,1,0.9966595676085532
0,1,1,0,0,0.005305861143629975
